loc_id,name,description,category
1,Bamiyan Buddhas,The Bamiyan Buddhas were two 6th-century monumental statues of standing Buddhas carved into the side of a cliff in the Bamyan valley in the Hazarajat region of central Afghanistan. The statues represented the classic blended style of Gandhara art. (Photo Credit: Wikipedia),Historical Site
2,Band-e Amir National Park,"Band-e Amir National Park is Afghanistan's first national park, located in the Bamyan Province. It is a series of six deep blue lakes separated by natural dams made of travertine, a mineral deposit. (Photo Credit: Flickr)",National Park
3,Shahr-e Zohak,"Shahr-e Zohak, also known as The Red City, is an ancient citadel located near Bamyan city. It was built around the 3rd century CE and served as a strategic fortress. (Photo Credit: Wikipedia)",Historical Site
4,Shar-i Gholghola,"Shar-i Gholghola, meaning 'City of Screams' in Persian, is a ruined ancient city located near Bamyan. It was destroyed by the Mongol Empire in the 13th century. (Photo Credit: Flickr)",Historical Site
5,Bamyan Cultural Center,"The Bamyan Cultural Center is a modern architectural landmark in Bamyan city, designed to promote cultural exchange and artistic expression. (Photo Credit: Wikipedia)",Cultural Center
6,Band-e Amir Dragon Statue,"The Band-e Amir Dragon Statue is a recent addition to Band-e Amir National Park, depicting a mythical dragon emerging from the depths of the lake. (Photo Credit: Instagram)",Art Installation
7,Zuhak Castle,Zuhak Castle is an ancient fortress perched atop a hill overlooking the Bamyan valley. It offers panoramic views of the surrounding landscape. (Photo Credit: Wikipedia),Historical Site
8,Foladi Valley,"Foladi Valley is a scenic valley located near Bamyan, known for its lush greenery, meadows, and picturesque landscapes. (Photo Credit: Flickr)",Valley
9,Bamyan Silk Road Bazaar,"The Bamyan Silk Road Bazaar is a bustling market located in the heart of Bamyan city, offering a wide variety of local crafts, souvenirs, and traditional Afghan products. (Photo Credit: Instagram)",Market
10,Bamyan Cultural Festival,"The Bamyan Cultural Festival is an annual event celebrating the rich cultural heritage of the region, featuring music, dance, food, and art exhibitions. (Photo Credit: Facebook)",Festival
11,Qala-e Dokhtar,"Qala-e Dokhtar, or 'The Maiden's Castle,' is a historic fortress located on a hill overlooking Bamyan city. It dates back to the 10th century and offers stunning views of the surrounding valley. (Photo Credit: Wikipedia)",Historical Site
12,Bamyan Museum,"The Bamyan Museum showcases artifacts, sculptures, and relics from the region's rich history, including items related to the Bamiyan Buddhas and ancient civilizations. (Photo Credit: TripAdvisor)",Museum
13,Foladi Rock Formation,"The Foladi Rock Formation is a unique geological formation located in Foladi Valley, characterized by towering rock spires and unusual rock formations. (Photo Credit: Instagram)",Natural Wonder
14,Hazaragi Music Concert,"Hazaragi Music Concerts are popular cultural events in Bamyan, featuring traditional Hazaragi music, dance performances, and local musicians. (Photo Credit: YouTube)",Cultural Event
15,Shah Foladi Hot Springs,"The Shah Foladi Hot Springs are natural thermal springs located in Foladi Valley, renowned for their healing properties and serene surroundings. (Photo Credit: TripAdvisor)",Hot Springs
16,Shahr-e Gholghola Museum,"The Shahr-e Gholghola Museum is dedicated to preserving the history and artifacts of the ancient city of Shar-i Gholghola, offering insights into the region's tumultuous past. (Photo Credit: Facebook)",Museum
17,Abu Ali Baba Shrine,"The Abu Ali Baba Shrine is a sacred site located in the Bamyan valley, believed to be the final resting place of a revered Sufi saint. (Photo Credit: Instagram)",Religious Site
18,Dar-e Bahar Cultural Center,"The Dar-e Bahar Cultural Center is a community hub in Bamyan, hosting workshops, exhibitions, and cultural events to promote local arts and crafts. (Photo Credit: TripAdvisor)",Cultural Center
19,Shahr-e Zohak Museum,"The Shahr-e Zohak Museum showcases artifacts and relics from the ancient citadel of Shahr-e Zohak, offering visitors a glimpse into its storied past. (Photo Credit: Instagram)",Museum
20,Bamyan Film Festival,"The Bamyan Film Festival is an annual showcase of Afghan cinema, featuring screenings, discussions, and workshops to promote filmmaking and storytelling in the region. (Photo Credit: Twitter)",Film Festival
21,Foladi Waterfall,"Foladi Waterfall is a stunning natural attraction located in the heart of Foladi Valley. The waterfall cascades down rocky cliffs into a pristine pool below, offering visitors a refreshing retreat. (Photo Credit: Instagram)",Natural Wonder
22,Bamyan Handicrafts Fair,"The Bamyan Handicrafts Fair is an annual event showcasing traditional Afghan handicrafts, including pottery, textiles, and jewelry. Local artisans gather to exhibit their skills and sell their wares. (Photo Credit: Facebook)",Cultural Event
23,Shah Foladi Hiking Trail,"The Shah Foladi Hiking Trail offers outdoor enthusiasts a scenic trek through the picturesque landscapes of Foladi Valley. The trail winds through lush forests, pastures, and rocky terrain, offering breathtaking views along the way. (Photo Credit: TripAdvisor)",Hiking Trail
24,Bamyan Horseback Riding Tours,"Bamyan Horseback Riding Tours offer visitors a unique opportunity to explore the scenic beauty of the Bamyan region on horseback. Experienced guides lead riders through rugged trails, ancient ruins, and cultural landmarks. (Photo Credit: Instagram)",Adventure Tour
25,Shahr-e Gholghola Ruins,"The Shahr-e Gholghola Ruins are the remnants of an ancient fortified city that once stood as a stronghold against invaders. Today, visitors can explore the crumbling walls, towers, and gates of this historic site. (Photo Credit: Wikipedia)",Historical Site
26,Bamyan Archaeological Museum,"The Bamyan Archaeological Museum houses a rich collection of artifacts, relics, and archaeological findings from the Bamyan region. Exhibits include pottery, tools, weapons, and religious artifacts dating back thousands of years. (Photo Credit: TripAdvisor)",Museum
27,Bamyan Cherry Blossom Festival,"The Bamyan Cherry Blossom Festival is a springtime celebration of the blooming cherry blossoms that blanket the valleys and hillsides of Bamyan with delicate pink and white flowers. The festival features cultural performances, picnics, and photography tours. (Photo Credit: Facebook)",Festival
28,Band-e Amir Caves,"The Band-e Amir Caves are a network of natural limestone caves located near the Band-e Amir Lakes. The caves are known for their unique formations, stalactites, and stalagmites, as well as their cultural and historical significance. (Photo Credit: TripAdvisor)",Natural Wonder
29,Bamyan Ski Resort,"The Bamyan Ski Resort offers winter sports enthusiasts a range of activities, including skiing, snowboarding, and snowshoeing, amidst the snow-capped peaks of the Hindu Kush mountains. The resort features ski slopes, chairlifts, and cozy lodges for visitors to enjoy. (Photo Credit: Instagram)",Ski Resort
30,Bamyan International Music Festival,"The Bamyan International Music Festival is a global celebration of music, bringing together musicians, artists, and performers from around the world to showcase their talents and promote cultural exchange. The festival features concerts, workshops, and jam sessions in various genres. (Photo Credit: Twitter)",Music Festival
31,Shah Foladi Picnic Area,"The Shah Foladi Picnic Area is a popular recreational spot in Foladi Valley, offering families and groups a scenic setting for picnics, barbecues, and outdoor activities. Visitors can enjoy panoramic views of the surrounding mountains and valleys while relaxing in the shade of lush trees. (Photo Credit: Instagram)",Picnic Area
32,Bamyan Cultural Dance Performance,"Bamyan Cultural Dance Performances showcase traditional Afghan dances, music, and costumes, providing insight into the rich cultural heritage of the region. Performers entertain audiences with lively routines that reflect the diversity and vibrancy of Afghan culture. (Photo Credit: YouTube)",Cultural Event
33,Foladi Valley Camping Site,"The Foladi Valley Camping Site offers outdoor enthusiasts a rustic camping experience amidst the natural beauty of Foladi Valley. Visitors can pitch tents or rent cabins, roast marshmallows over campfires, and stargaze under the clear night sky. (Photo Credit: TripAdvisor)",Camping Site
34,Bamyan Handicrafts Market,"The Bamyan Handicrafts Market is a bustling marketplace where local artisans and craftsmen sell handmade goods such as carpets, pottery, jewelry, and textiles. Visitors can browse a wide selection of unique and authentic Afghan handicrafts while supporting local artisans. (Photo Credit: Facebook)",Market
35,Band-e Amir Hiking Trails,"Band-e Amir Hiking Trails offer outdoor enthusiasts a range of scenic routes through the rugged landscapes of Band-e Amir National Park. Trails lead past turquoise lakes, towering cliffs, and lush valleys, providing hikers with breathtaking views and opportunities for wildlife spotting. (Photo Credit: Instagram)",Hiking Trail
36,Bamyan Historical Walking Tour,"The Bamyan Historical Walking Tour takes visitors on a journey through the rich history and cultural heritage of Bamyan city. Led by knowledgeable guides, the tour explores ancient ruins, historic landmarks, and hidden gems, providing insight into the region's storied past. (Photo Credit: TripAdvisor)",Walking Tour
37,Shah Foladi Photography Workshop,"The Shah Foladi Photography Workshop offers amateur and professional photographers the opportunity to capture the stunning landscapes and natural beauty of Foladi Valley. Led by experienced instructors, the workshop covers composition, lighting, and post-processing techniques, helping participants improve their photography skills. (Photo Credit: Facebook)",Workshop
38,Bamyan Food Festival,"The Bamyan Food Festival is a culinary extravaganza showcasing the diverse flavors and traditional dishes of Afghan cuisine. Visitors can sample a wide range of delicious foods, from kebabs and rice dishes to breads and desserts, while enjoying live music and cultural performances. (Photo Credit: Instagram)",Food Festival
39,Band-e Amir Boating Excursions,"Band-e Amir Boating Excursions offer visitors the opportunity to explore the tranquil waters of Band-e Amir Lakes by boat. Experienced guides lead scenic tours of the lakes, pointing out notable landmarks, wildlife, and geological features along the way. (Photo Credit: TripAdvisor)",Boating Excursion
40,Bamyan Artisan Workshop,"The Bamyan Artisan Workshop is a creative space where local artists and craftsmen gather to practice and showcase traditional Afghan arts and crafts. Visitors can watch demonstrations, participate in hands-on workshops, and purchase unique handmade souvenirs directly from the artisans. (Photo Credit: Facebook)",Workshop
41,Foladi Valley Bird Watching Tour,"The Foladi Valley Bird Watching Tour offers bird enthusiasts the opportunity to observe a diverse array of avian species in their natural habitat. Led by knowledgeable guides, the tour explores various birding hotspots in Foladi Valley, providing binoculars and field guides for spotting and identifying birds. (Photo Credit: Instagram)",Bird Watching Tour
42,Bamyan Horse Cart Rides,"Bamyan Horse Cart Rides offer a charming way to explore the streets and sights of Bamyan city. Visitors can hop aboard horse-drawn carts driven by local guides, who narrate stories and history while trotting through the bustling markets, historic landmarks, and scenic neighborhoods. (Photo Credit: TripAdvisor)",Horse Cart Ride
43,Band-e Amir Scenic Overlook,"The Band-e Amir Scenic Overlook offers panoramic views of the breathtaking landscapes and azure lakes of Band-e Amir National Park. Visitors can climb to the top of the overlook for stunning vistas of the surrounding mountains, valleys, and rock formations. (Photo Credit: Facebook)",Scenic Overlook
44,Bamyan Cultural Exchange Program,"The Bamyan Cultural Exchange Program fosters cultural understanding and dialogue through immersive experiences and interactions with local communities in Bamyan. Participants engage in homestays, language lessons, cooking classes, and cultural activities, gaining insight into Afghan life and traditions. (Photo Credit: Instagram)",Cultural Exchange Program
45,Shahr-e Zohak Archaeological Site,"The Shahr-e Zohak Archaeological Site is an ancient settlement dating back to the Kushan period, characterized by its fortified walls, citadel, and residential quarters. Archaeological excavations have uncovered artifacts, coins, and inscriptions shedding light on the site's history and significance. (Photo Credit: Wikipedia)",Archaeological Site
46,Bamyan Rock Climbing Adventure,"Bamyan Rock Climbing Adventures offer thrill-seekers the chance to scale the rugged cliffs and rock formations of Bamyan's stunning landscapes. Experienced guides lead climbers of all skill levels on exhilarating ascents, providing instruction, equipment, and safety tips along the way. (Photo Credit: Instagram)",Rock Climbing Adventure
47,Foladi Valley Horseback Riding Tours,"Foladi Valley Horseback Riding Tours offer equestrian enthusiasts a scenic journey through the picturesque landscapes and rural villages of Foladi Valley. Riders can explore forested trails, open meadows, and mountain passes on horseback, soaking in the natural beauty and tranquility of the surroundings. (Photo Credit: TripAdvisor)",Horseback Riding Tour
48,Bamyan Handicrafts Workshop,"The Bamyan Handicrafts Workshop offers hands-on experiences in traditional Afghan crafts such as carpet weaving, pottery making, and jewelry design. Led by skilled artisans, workshops provide instruction, materials, and tools for participants to create their own unique handicrafts to take home as souvenirs. (Photo Credit: Facebook)",Workshop
49,Band-e Amir Camping Site,"The Band-e Amir Camping Site offers outdoor enthusiasts a rustic camping experience amidst the natural beauty of Band-e Amir National Park. Visitors can pitch tents, build campfires, and stargaze under the clear night sky, surrounded by towering cliffs, shimmering lakes, and starry vistas. (Photo Credit: Instagram)",Camping Site
50,Bamyan Traditional Music Concert,"Bamyan Traditional Music Concerts showcase the rich musical heritage of Afghanistan, featuring performances of traditional instruments, melodies, and rhythms by local musicians and ensembles. Audiences are treated to a cultural journey through Afghan music, from classical tunes to folk songs. (Photo Credit: YouTube)",Music Concert
51,Shah Foladi Nature Reserve,"The Shah Foladi Nature Reserve is a protected area in Foladi Valley, home to diverse flora and fauna species. The reserve offers opportunities for hiking, bird watching, and nature photography amidst pristine forests, meadows, and wetlands, providing a sanctuary for wildlife and biodiversity. (Photo Credit: TripAdvisor)",Nature Reserve
52,Bamyan Historical Lecture Series,"The Bamyan Historical Lecture Series offers educational talks and presentations on the history, archaeology, and culture of Bamyan and its surrounding regions. Led by experts and scholars, lectures cover a wide range of topics, from ancient civilizations to contemporary issues, providing insight and context for visitors. (Photo Credit: Facebook)",Lecture Series
53,Foladi Valley Jeep Tours,"Foladi Valley Jeep Tours offer adventurous travelers an exciting off-road journey through the rugged terrain and scenic landscapes of Foladi Valley. Experienced drivers navigate rocky trails, river crossings, and mountain passes, providing passengers with thrilling experiences and breathtaking views along the way. (Photo Credit: Instagram)",Jeep Tour
54,Bamyan Youth Art Exhibition,"The Bamyan Youth Art Exhibition showcases the creativity and talent of young artists from Bamyan and across Afghanistan. The exhibition features a diverse range of artworks, including paintings, sculptures, photographs, and installations, providing a platform for emerging artists to share their perspectives and express themselves. (Photo Credit: Facebook)",Art Exhibition
55,Band-e Amir Helicopter Tours,"Band-e Amir Helicopter Tours offer aerial sightseeing experiences over the stunning landscapes and natural wonders of Band-e Amir National Park. Passengers enjoy bird's-eye views of turquoise lakes, rugged cliffs, and lush valleys from the comfort of a helicopter, providing unforgettable memories and photo opportunities. (Photo Credit: TripAdvisor)",Helicopter Tour
56,Bamyan Environmental Conservation Program,"The Bamyan Environmental Conservation Program promotes sustainable development and environmental stewardship in Bamyan and its surrounding areas. The program focuses on initiatives such as reforestation, waste management, wildlife conservation, and community education to protect and preserve the region's natural resources for future generations. (Photo Credit: Instagram)",Conservation Program
57,Shahr-e Zohak Cultural Festival,"The Shahr-e Zohak Cultural Festival is an annual celebration of culture, arts, and heritage held at the ancient citadel of Shahr-e Zohak. The festival features live performances, art exhibitions, craft workshops, and historical reenactments, offering visitors a unique opportunity to experience the vibrancy and diversity of Afghan culture. (Photo Credit: Facebook)",Cultural Festival
58,Bamyan Mountain Biking Trails,"Bamyan Mountain Biking Trails offer cyclists thrilling rides through the rugged landscapes and mountainous terrain of Bamyan province. Trails wind through scenic valleys, past ancient ruins, and alongside crystal-clear rivers, providing riders with exhilarating experiences and breathtaking views of the surrounding landscapes. (Photo Credit: Instagram)",Mountain Biking Trail
59,Foladi Valley Yoga Retreat,"The Foladi Valley Yoga Retreat offers a peaceful and rejuvenating escape amidst the natural beauty and tranquility of Foladi Valley. Participants engage in daily yoga sessions, meditation practices, and nature walks, guided by experienced instructors, to restore balance, harmony, and well-being. (Photo Credit: TripAdvisor)",Yoga Retreat
60,Bamyan Poetry Reading,"Bamyan Poetry Readings celebrate the literary heritage and poetic traditions of Afghanistan, featuring readings, recitations, and performances of classical and contemporary poetry by local poets and enthusiasts. Audiences gather to enjoy the power of words, language, and expression, fostering creativity, reflection, and connection. (Photo Credit: Facebook)",Poetry Reading
61,Shah Foladi Horseback Riding Trails,"Shah Foladi Horseback Riding Trails offer riders scenic routes through the breathtaking landscapes and pristine wilderness of Foladi Valley. Trails wind through forests, meadows, and mountain passes, providing riders with memorable experiences and opportunities for wildlife spotting and photography. (Photo Credit: Instagram)",Horseback Riding Trail
62,Bamyan Cooking Classes,"Bamyan Cooking Classes offer culinary enthusiasts the opportunity to learn traditional Afghan recipes and cooking techniques from local chefs and home cooks. Classes cover a variety of dishes, from hearty stews and kebabs to fragrant rice dishes and sweet treats, providing participants with hands-on experiences and delicious results. (Photo Credit: TripAdvisor)",Cooking Class
63,Band-e Amir Sunset Cruise,"The Band-e Amir Sunset Cruise offers a romantic and memorable experience on the tranquil waters of Band-e Amir Lakes. Couples enjoy leisurely boat rides as the sun sets over the rugged cliffs and shimmering lakes, painting the sky with hues of orange, pink, and purple, creating a magical ambiance. (Photo Credit: Facebook)",Sunset Cruise
64,Bamyan Astronomy Tour,"The Bamyan Astronomy Tour offers stargazers and astronomy enthusiasts the opportunity to explore the night sky and celestial wonders above Bamyan province. Led by knowledgeable guides, tours include stargazing sessions, telescope observations, and discussions on astronomy, constellations, and mythology. (Photo Credit: Instagram)",Astronomy Tour
65,Shahr-e Zohak Night Market,"The Shahr-e Zohak Night Market is a vibrant and bustling marketplace that comes alive after dark with food stalls, live music, and entertainment. Visitors can sample a variety of local street foods, snacks, and desserts while enjoying cultural performances and shopping for souvenirs and handicrafts. (Photo Credit: TripAdvisor)",Night Market
66,Bamyan Horseback Riding Lessons,"Bamyan Horseback Riding Lessons offer beginners and novice riders the opportunity to learn equestrian skills and techniques from experienced instructors. Lessons cover horse care, grooming, tacking, and basic riding principles, providing participants with confidence and proficiency in the saddle. (Photo Credit: Facebook)",Horseback Riding Lesson
67,Foladi Valley Photography Tour,"The Foladi Valley Photography Tour offers shutterbugs and photography enthusiasts the opportunity to capture the stunning landscapes and natural beauty of Foladi Valley through the lens. Led by professional photographers, tours provide guidance on composition, lighting, and camera settings, helping participants capture breathtaking images and lasting memories. (Photo Credit: Instagram)",Photography Tour
68,Bamyan Cultural Dance Workshop,"Bamyan Cultural Dance Workshops offer participants immersive experiences in traditional Afghan dance forms, rhythms, and movements. Led by skilled instructors, workshops cover various styles such as Attan, Khattak, and Logari, providing opportunities for learning, practice, and performance. Participants of all ages and skill levels are welcome to join. (Photo Credit: TripAdvisor)",Dance Workshop
69,Band-e Amir Kayaking Adventures,"Band-e Amir Kayaking Adventures offer paddlers exciting experiences on the pristine waters of Band-e Amir Lakes. Guided tours lead kayakers through turquoise lakes, natural caves, and hidden coves, providing opportunities for wildlife spotting, swimming, and exploration amidst stunning natural scenery. (Photo Credit: Facebook)",Kayaking Adventure
70,Bamyan Traditional Carpet Weaving,"Bamyan Traditional Carpet Weaving Workshops offer hands-on experiences in the ancient art of Afghan carpet weaving. Led by master weavers, workshops provide instruction on techniques such as knotting, dyeing, and pattern design, allowing participants to create their own unique carpets and rugs. (Photo Credit: Instagram)",Carpet Weaving Workshop
71,Shahr-e Zohak Archaeological Excavations,"The Shahr-e Zohak Archaeological Excavations uncover the ancient history and artifacts of the citadel and its surrounding areas. Archaeologists conduct systematic excavations, surveys, and studies to reveal insights into the architecture, culture, and daily life of past civilizations, enriching our understanding of the region's heritage. (Photo Credit: TripAdvisor)",Archaeological Excavations
72,Bamyan Handicrafts Market Tour,"The Bamyan Handicrafts Market Tour offers visitors guided experiences through the bustling marketplaces and artisan workshops of Bamyan city. Tours provide insights into traditional Afghan crafts such as pottery, textiles, and jewelry, as well as opportunities for shopping, bargaining, and interacting with local artisans. (Photo Credit: Facebook)",Market Tour
73,Band-e Amir Snorkeling Adventures,"Band-e Amir Snorkeling Adventures offer underwater explorers the chance to discover the hidden treasures beneath the surface of the crystal-clear lakes. Guided tours lead snorkelers through submerged caves, rock formations, and coral reefs, providing opportunities to encounter colorful fish, freshwater flora, and other aquatic life. (Photo Credit: Instagram)",Snorkeling Adventure
74,Bamyan Calligraphy Workshop,"Bamyan Calligraphy Workshops offer enthusiasts the opportunity to learn the art of Arabic and Persian calligraphy from master calligraphers. Workshops cover basic strokes, letterforms, and composition, as well as historical context and cultural significance, providing participants with hands-on experiences and artistic inspiration. (Photo Credit: TripAdvisor)",Calligraphy Workshop
75,Shah Foladi Nature Photography,"Shah Foladi Nature Photography Tours offer photographers the chance to capture the stunning landscapes, wildlife, and natural beauty of Foladi Valley. Guided tours provide opportunities for wildlife spotting, bird watching, and landscape photography, as well as tips and techniques for composition, lighting, and exposure. (Photo Credit: Facebook)",Nature Photography
76,Bamyan Traditional Music Workshop,"Bamyan Traditional Music Workshops offer participants immersive experiences in Afghan music, instruments, and rhythms. Led by local musicians and musicologists, workshops cover topics such as instrument making, playing techniques, and repertoire, providing opportunities for learning, practice, and performance. Participants of all ages and skill levels are welcome to join. (Photo Credit: Instagram)",Music Workshop
77,Foladi Valley Cycling Tours,"Foladi Valley Cycling Tours offer cyclists exhilarating rides through the scenic landscapes and rugged terrain of Foladi Valley. Guided tours lead cyclists along forested trails, mountain passes, and riverside paths, providing opportunities for wildlife spotting, sightseeing, and adventure amidst pristine natural surroundings. (Photo Credit: TripAdvisor)",Cycling Tour
78,Bamyan Artisan Market,"The Bamyan Artisan Market is a vibrant marketplace where local artists and craftsmen showcase their handmade goods and creations. Visitors can browse a wide selection of unique and authentic Afghan handicrafts, including pottery, textiles, jewelry, and woodwork, while supporting local artisans and artisans. (Photo Credit: Facebook)",Artisan Market
79,Band-e Amir Cliff Diving,"Band-e Amir Cliff Diving offers adrenaline junkies the ultimate thrill of leaping off towering cliffs into the crystal-clear waters of the lakes below. Experienced guides lead cliff diving excursions, providing safety equipment, instruction, and supervision to ensure a safe and exhilarating experience for participants. (Photo Credit: Instagram)",Cliff Diving
80,Bamyan Cultural Heritage Walk,"The Bamyan Cultural Heritage Walk takes visitors on a journey through the rich history, architecture, and cultural landmarks of Bamyan city. Led by knowledgeable guides, walks explore ancient ruins, historic buildings, and hidden gems, providing insight into the region's storied past and vibrant heritage. (Photo Credit: TripAdvisor)",Cultural Heritage Walk
81,Shahr-e Zohak Cultural Center,"The Shahr-e Zohak Cultural Center is a community hub in Bamyan dedicated to promoting cultural exchange, education, and artistic expression. The center hosts workshops, lectures, exhibitions, and performances, bringing together people of all ages and backgrounds to celebrate the diversity and creativity of Afghan culture. (Photo Credit: Facebook)",Cultural Center
82,Bamyan Cooking Workshop,"Bamyan Cooking Workshops offer participants hands-on experiences in Afghan cuisine, cooking techniques, and culinary traditions. Led by local chefs and home cooks, workshops cover a variety of dishes, from savory kebabs and aromatic rice pilafs to sweet pastries and refreshing beverages, providing a taste of Afghan culture and hospitality. (Photo Credit: Instagram)",Cooking Workshop
83,Foladi Valley Wildlife Safari,"The Foladi Valley Wildlife Safari offers nature lovers the opportunity to observe a variety of wildlife species in their natural habitat. Guided safaris lead participants through forests, grasslands, and wetlands, providing opportunities to spot deer, wild boar, foxes, and migratory birds amidst the pristine landscapes of Foladi Valley. (Photo Credit: TripAdvisor)",Wildlife Safari
84,Bamyan Puppet Theater,"The Bamyan Puppet Theater is a colorful and entertaining spectacle that delights audiences of all ages with puppet shows, performances, and storytelling. Featuring traditional Afghan folk tales, legends, and fables, puppeteers bring characters to life through intricate puppets, music, and puppetry techniques, creating magical and memorable experiences. (Photo Credit: Facebook)",Puppet Theater
85,Band-e Amir Photography Tour,"Band-e Amir Photography Tours offer photographers the opportunity to capture the stunning landscapes and natural wonders of Band-e Amir National Park. Led by professional photographers, tours provide guidance on composition, lighting, and camera settings, helping participants capture breathtaking images and lasting memories. (Photo Credit: Instagram)",Photography Tour
86,Bamyan Traditional Dance Performance,"Bamyan Traditional Dance Performances showcase the vibrant and diverse dance traditions of Afghanistan, featuring colorful costumes, lively music, and energetic routines. Performers entertain audiences with traditional dances such as Attan, Logari, and Uzbek, celebrating the cultural heritage and identity of Bamyan province. (Photo Credit: TripAdvisor)",Dance Performance
87,Shah Foladi Nature Walk,"The Shah Foladi Nature Walk offers visitors a leisurely stroll through the scenic landscapes and natural wonders of Foladi Valley. Guided walks lead participants along forested trails, pastures, and riverside paths, providing opportunities for bird watching, wildlife spotting, and photography amidst the pristine beauty of nature. (Photo Credit: Facebook)",Nature Walk
88,Bamyan Handicrafts Exhibition,"The Bamyan Handicrafts Exhibition showcases the creativity and craftsmanship of local artisans and craftsmen from Bamyan and across Afghanistan. The exhibition features a wide range of handmade goods, including textiles, pottery, jewelry, woodwork, and leather goods, providing opportunities for artists to showcase their talents and connect with buyers. (Photo Credit: Instagram)",Handicrafts Exhibition
89,Foladi Valley Horse Riding Lessons,"Foladi Valley Horse Riding Lessons offer equestrian enthusiasts the opportunity to learn horseback riding skills and techniques from experienced instructors. Lessons cover basic riding principles, horsemanship, and trail riding, providing participants with confidence and proficiency in the saddle while exploring the scenic landscapes of Foladi Valley. (Photo Credit: TripAdvisor)",Horse Riding Lesson
90,Bamyan Photography Workshop,"Bamyan Photography Workshops offer shutterbugs and photography enthusiasts the opportunity to improve their photography skills and techniques. Led by professional photographers, workshops cover topics such as composition, lighting, exposure, and post-processing, providing hands-on experiences and practical tips for capturing stunning images of Bamyan's landscapes and cultural heritage. (Photo Credit: Facebook)",Photography Workshop
91,Shahr-e Zohak Nature Reserve,"The Shahr-e Zohak Nature Reserve is a protected area in Bamyan dedicated to conserving the region's biodiversity and natural habitats. The reserve is home to a variety of flora and fauna species, including endangered plants and animals, providing opportunities for hiking, bird watching, and wildlife observation amidst pristine wilderness. (Photo Credit: Instagram)",Nature Reserve
92,Foladi Valley Cultural Festival,"The Foladi Valley Cultural Festival is an annual celebration of culture, arts, and heritage held in the picturesque landscapes of Foladi Valley. The festival features live performances, art exhibitions, craft workshops, and cultural activities, bringing together communities and visitors to celebrate the diversity and creativity of Afghan culture. (Photo Credit: Facebook)",Cultural Festival
93,Bamyan Rock Climbing Tours,"Bamyan Rock Climbing Tours offer adventurers the chance to scale the rugged cliffs and rock formations of Bamyan's stunning landscapes. Led by experienced guides, tours cater to climbers of all skill levels, providing instruction, equipment, and safety tips for exhilarating ascents and breathtaking views of the surrounding landscapes. (Photo Credit: Instagram)",Rock Climbing Tour
94,Shahr-e Zohak Cultural Dance Performance,"Shahr-e Zohak Cultural Dance Performances showcase traditional Afghan dances, music, and costumes, providing insight into the rich cultural heritage of the region. Performers entertain audiences with lively routines that reflect the diversity and vibrancy of Afghan culture, fostering appreciation and understanding among participants. (Photo Credit: TripAdvisor)",Cultural Dance Performance
95,Bamyan Archaeological Excavations,"Bamyan Archaeological Excavations uncover the ancient history and artifacts of Bamyan and its surrounding areas. Archaeologists conduct systematic excavations, surveys, and studies to reveal insights into the architecture, culture, and daily life of past civilizations, enriching our understanding of the region's heritage. (Photo Credit: Facebook)",Archaeological Excavations
96,Foladi Valley Bird Watching Tour,"The Foladi Valley Bird Watching Tour offers bird enthusiasts the opportunity to observe a diverse array of avian species in their natural habitat. Led by knowledgeable guides, the tour explores various birding hotspots in Foladi Valley, providing binoculars and field guides for spotting and identifying birds. (Photo Credit: Instagram)",Bird Watching Tour
97,Bamyan Horseback Riding Tours,"Bamyan Horseback Riding Tours offer visitors a unique opportunity to explore the scenic beauty of the Bamyan region on horseback. Experienced guides lead riders through rugged trails, ancient ruins, and cultural landmarks, providing memorable experiences and stunning views of the surrounding landscapes. (Photo Credit: TripAdvisor)",Horseback Riding Tour
98,Band-e Amir Scenic Boat Tours,"Band-e Amir Scenic Boat Tours offer visitors leisurely cruises on the turquoise waters of Band-e Amir Lakes. Guided tours lead passengers past towering cliffs, hidden caves, and pristine shorelines, providing opportunities for sightseeing, photography, and relaxation amidst the breathtaking natural beauty of Band-e Amir National Park. (Photo Credit: Facebook)",Scenic Boat Tour
99,Kakrak Valley,"Kakrak Valley is a quiet valley near Bamyan, known for its ancient Buddhist caves and peaceful natural surroundings. (Photo Credit: Ehsan usman)",Valley
100,Sharistan Valley,"Sharistan Valley is a fertile valley close to Bamyan, famous for its agricultural land, traditional villages, and mountain views. (Photo Credit: Enayat Khalili)",Valley
101,Yakawlang Valley,"Yakawlang Valley is a high-altitude valley characterized by cold climate, scenic pastures, and proximity to Band-e-Amir lakes. (Ali Emani)",Valley
102,Sya Gerd Valley ,"Sya Gerd Valley is a remote valley in Bamyan province, known for its untouched landscapes, flowing streams, and seasonal greenery. (Photo Credit: Reha asad)",Valley
